City,Country,Cloudiness,Date,Humidity,Latitude,Longitude,Max Temp,Wind Speed
Mahebourg,MU,20,1571864103,88,-20.41,57.7,73.0,5.82
Iturama,BR,97,1571864397,55,-19.73,-50.2,81.9,8.41
Kapaa,US,20,1571863815,69,22.08,-159.32,82.4,8.05
Hermanus,ZA,100,1571864397,81,-34.42,19.24,57.99,3.0
Plouzane,FR,90,1571864398,93,48.38,-4.62,55.4,2.24
San Andres,PH,0,1571864398,93,13.32,122.68,74.25,4.09
Mount Gambier,AU,14,1571863994,42,-37.83,140.78,62.6,11.41
Ushuaia,AR,40,1571864188,44,-54.81,-68.31,60.8,14.99
Jamestown,AU,0,1571864282,19,-33.21,138.6,65.98,8.16
Vila Velha,BR,20,1571863817,69,-3.71,-38.6,82.4,11.41
Ribeira Grande,PT,40,1571864399,93,38.52,-28.7,66.2,12.75
Tuatapere,NZ,83,1571864114,70,-46.13,167.69,48.0,21.0
Mataura,NZ,69,1571864399,70,-46.19,168.86,48.0,21.0
Chokurdakh,RU,95,1571864399,96,70.62,147.9,-0.58,8.95
Cape Town,ZA,20,1571864220,82,-33.93,18.42,61.0,9.17
Paraiso,BR,20,1571864400,59,-0.03,-51.17,89.6,13.87
Dingle,PH,0,1571863960,90,11.0,122.67,74.05,5.17
Bambous Virieux,MU,20,1571864400,88,-20.34,57.76,73.0,5.82
Pinawa,CA,100,1571864400,100,50.15,-95.88,32.0,12.48
Pokhara,NP,8,1571864401,93,28.21,83.99,59.23,3.15
Llanes,ES,100,1571864401,85,43.42,-4.75,54.0,28.88
Baruun-Urt,MN,100,1571863809,53,46.68,113.28,25.95,13.31
Rodrigues Alves,BR,75,1571864402,70,-7.74,-72.65,87.8,12.75
Lafia,NG,100,1571864402,94,8.5,8.51,74.71,5.32
New Norfolk,AU,36,1571864403,87,-42.78,147.06,55.99,8.05
Vaini,IN,100,1571864403,99,15.34,74.49,69.64,5.21
Salalah,OM,0,1571863966,51,17.01,54.1,80.6,3.36
Bredasdorp,ZA,100,1571864399,66,-34.53,20.04,57.99,1.12
Durango,MX,75,1571864404,47,24.02,-104.67,77.0,9.17
Bolotnoye,RU,100,1571864405,94,55.67,84.39,30.67,16.26
Atuona,PF,0,1571864405,70,-9.8,-139.03,79.39,5.75
Ust-Shonosha,RU,100,1571864415,90,61.15,41.34,38.82,5.23
Hamilton,CA,20,1571863826,43,43.26,-79.87,59.0,23.04
Okhotsk,RU,0,1571864415,63,59.36,143.24,22.14,11.9
Le Port,FR,100,1571864416,44,42.87,1.37,55.99,4.03
Umm Lajj,SA,0,1571864416,90,25.02,37.27,74.01,6.31
Victoria,BN,75,1571864034,88,5.28,115.24,77.0,6.85
Mar del Plata,AR,13,1571864145,76,-46.43,-67.52,51.3,10.69
Barrow,AR,41,1571864416,73,-38.31,-60.23,54.54,17.6
Bathsheba,BB,20,1571864417,66,13.22,-59.52,86.0,12.75
Itarema,BR,0,1571864417,83,-2.92,-39.92,76.95,6.44
Tiksi,RU,0,1571864417,90,71.64,128.87,0.16,7.25
Yellowknife,CA,90,1571864413,86,62.45,-114.38,30.2,3.36
Arraial do Cabo,BR,75,1571864418,73,-22.97,-42.02,73.4,8.05
Faenza,IT,82,1571864418,93,44.29,11.88,66.0,5.82
Gamba,CN,100,1571864006,92,28.28,88.52,27.68,5.64
Isangel,VU,75,1571864418,88,-19.55,169.27,71.6,18.7
Griffith,AU,0,1571864418,29,-34.29,146.06,62.6,10.29
Emerald,AU,0,1571864419,82,-23.53,148.16,66.0,4.7
Mehamn,NO,90,1571864419,100,71.03,27.85,32.0,2.24
Coquimbo,CL,90,1571864419,77,-29.95,-71.34,59.0,8.05
Ust-Tsilma,RU,62,1571864420,87,65.44,52.15,27.7,7.9
Kinkala,CG,2,1571864420,83,-4.35,14.75,78.8,3.36
Albany,US,20,1571864381,41,42.65,-73.75,62.6,11.41
Sarkand,KZ,87,1571864421,34,45.41,79.91,41.13,5.77
Uglovskoye,RU,100,1571864421,68,51.36,80.19,30.2,11.5
Bom Jesus,BR,63,1571864421,53,-9.08,-44.36,83.3,1.23
Talara,PE,0,1571864422,100,-4.58,-81.27,62.6,11.41
Kiruna,SE,100,1571864422,92,67.86,20.23,19.4,5.21
Saskylakh,RU,100,1571864422,85,71.97,114.09,4.98,16.42
Bluff,AU,2,1571864422,71,-23.58,149.07,65.61,10.85
Punta Arenas,CL,75,1571864422,62,-53.16,-70.91,62.6,5.82
Lata,IN,0,1571864423,49,30.78,78.62,23.4,1.92
Helena,US,90,1571864423,74,46.59,-112.04,39.0,11.41
Nouadhibou,MR,62,1571864012,60,20.93,-17.03,69.8,14.99
Bundi,IN,0,1571864423,63,25.44,75.64,70.05,4.47
Dunmore Town,BS,36,1571864424,74,25.5,-76.65,81.84,10.04
Kruisfontein,ZA,88,1571864424,89,-34.0,24.73,54.84,8.46
Talnakh,RU,75,1571864424,79,69.49,88.39,24.8,24.61
Beba,CU,40,1571864424,58,22.44,-79.73,86.0,11.41
Port Elizabeth,US,1,1571864425,34,39.31,-74.98,66.2,14.99
Chuy,UY,33,1571864425,76,-33.69,-53.46,63.46,6.51
Nikolskoye,RU,40,1571864425,87,59.7,30.79,48.99,4.47
Inhambane,MZ,33,1571864425,88,-23.87,35.38,75.29,15.46
Castro,CL,0,1571864426,55,-42.48,-73.76,62.6,6.93
Sitka,US,70,1571864426,32,37.17,-99.65,64.99,3.0
Grand Valley,CA,40,1571864426,43,43.9,-80.32,57.0,23.04
Qaanaaq,GL,100,1571864425,87,77.48,-69.36,22.19,16.26
Haines Junction,CA,100,1571864426,96,60.75,-137.51,28.26,7.61
Rikitea,PF,100,1571864405,95,-23.12,-134.97,69.8,17.36
Guerrero Negro,MX,0,1571864427,15,27.97,-114.04,88.03,11.81
Butaritari,KI,86,1571864402,71,3.07,172.79,84.54,10.36
Benjamin Hill,MX,0,1571864427,17,30.17,-111.1,91.99,5.01
Provideniya,RU,75,1571864427,85,64.42,-173.23,32.0,20.13
Saint-Augustin,CA,75,1571864428,50,45.63,-73.98,59.0,9.17
Sola,TZ,17,1571864428,73,-3.17,33.8,71.47,5.26
Hovd,NO,75,1571864428,93,63.83,10.7,52.0,5.82
Port Alfred,ZA,95,1571864428,84,-33.59,26.89,61.0,4.0
Kalevala,FI,0,1571864429,94,64.12,29.58,34.25,7.29
Manggar,ID,100,1571863969,79,-2.88,108.27,81.64,11.52
Lithakia,GR,0,1571864429,67,37.72,20.83,68.0,13.33
Ixtapa,MX,40,1571864429,66,20.71,-105.21,87.8,9.17
Galle,GN,100,1571863896,96,10.08,-12.83,71.58,1.3
Cheyenne,US,75,1571864333,80,41.14,-104.82,50.0,18.34
Baykit,RU,99,1571864430,93,61.68,96.39,22.42,2.73
Narsaq,GL,40,1571864412,75,60.91,-46.05,32.0,3.62
Saint-Philippe,CA,90,1571864430,58,45.36,-73.48,59.0,17.22
Coria,ES,100,1571864431,88,39.98,-6.54,53.01,5.99
Leningradskiy,RU,100,1571863969,81,69.38,178.42,21.7,17.85
Mulege,MX,0,1571864431,30,26.88,-111.98,85.71,10.4
Praia,BR,40,1571864431,51,-20.25,-43.81,80.6,16.11
Ancud,CL,6,1571864115,55,-41.87,-73.83,62.6,6.93
Hobart,AU,4,1571864194,87,-42.88,147.33,55.99,8.05
Omboue,GA,100,1571864432,97,-1.57,9.26,74.88,2.53
Concepcion,CO,76,1571864432,88,9.56,-73.66,82.9,1.86
Barcelos,BR,64,1571864345,90,-0.97,-62.93,81.9,1.79
Samarai,PG,70,1571864038,90,-10.62,150.67,76.3,3.78
Izhma,RU,98,1571864432,86,65.01,53.91,28.63,8.9
Comodoro Rivadavia,AR,0,1571864432,85,-45.87,-67.48,50.2,16.55
Rolla,US,1,1571864274,28,37.95,-91.77,73.0,18.34
Vardo,US,1,1571864433,33,39.62,-77.74,64.99,10.29
Puerto Ayora,EC,40,1571864433,57,-0.74,-90.35,78.8,21.92
Tayu,JP,75,1571864433,77,35.06,136.67,68.0,13.87
Hilo,US,75,1571864434,62,19.71,-155.08,84.2,5.82
Te Anau,NZ,29,1571864434,73,-45.41,167.72,40.41,9.91
Tuktoyaktuk,CA,75,1571864434,85,69.44,-133.03,19.4,4.7
Ambulu,ID,19,1571864434,91,-8.35,113.61,74.66,4.7
Puerto Baquerizo Moreno,EC,75,1571864435,69,-0.9,-89.6,75.2,16.11
Yerbogachen,RU,0,1571864191,90,61.28,108.01,17.74,5.66
Balkanabat,TM,25,1571864435,66,39.51,54.36,54.91,2.1
Constitucion,MX,75,1571864435,47,23.99,-104.67,77.0,9.17
Severo-Kurilsk,RU,100,1571864435,75,50.68,156.12,38.98,3.6
Lompoc,US,1,1571864414,11,34.64,-120.46,93.99,6.93
Cayenne,GF,0,1571864436,66,4.94,-52.33,86.0,9.17
Okoneshnikovo,RU,98,1571864436,91,54.84,75.08,37.04,13.51
Mizdah,LY,34,1571864437,36,31.45,12.98,69.51,12.75
Sijunjung,ID,55,1571864437,88,-0.69,100.95,68.95,0.87
Belmonte,PT,68,1571864437,87,40.36,-7.35,53.01,5.79
Peace River,CA,40,1571864437,60,56.23,-117.29,39.2,10.29
Hammerfest,NO,40,1571864438,100,70.66,23.68,30.2,14.99
Boa Vista,BR,40,1571864107,49,2.82,-60.67,91.4,11.41
Ponta Pora,BR,0,1571864438,33,-22.54,-55.73,86.0,6.93
Hualmay,PE,72,1571864438,63,-11.1,-77.61,68.09,9.82
Bethel,US,90,1571864312,100,60.79,-161.76,33.8,21.92
Airai,TL,41,1571864439,35,-8.93,125.41,63.5,4.88
Klaksvik,FO,100,1571864439,87,62.23,-6.59,42.8,18.34
Lichinga,MZ,0,1571864439,55,-13.3,35.25,74.19,3.22
Kaitangata,NZ,29,1571864440,71,-46.28,169.85,45.72,35.39
Busselton,AU,0,1571864432,69,-33.64,115.35,48.0,14.52
Asosa,ET,80,1571864440,91,10.07,34.53,64.36,2.75
Geraldton,CA,90,1571864440,74,49.72,-86.95,37.4,9.17
Brae,GB,100,1571864441,87,60.4,-1.35,53.6,21.92
Ouadda,CF,100,1571864441,94,8.07,22.4,68.13,2.42
Lerwick,GB,100,1571864111,81,60.15,-1.15,53.6,19.46
Nemuro,JP,0,1571864441,65,43.32,145.57,52.07,18.66
San Quintin,PH,33,1571864442,92,17.54,120.52,71.78,3.53
Vostok,RU,0,1571864442,56,46.45,135.83,32.11,3.53
Ponta do Sol,BR,100,1571864182,66,-20.63,-46.0,74.77,9.46
Thompson,CA,20,1571864428,50,55.74,-97.86,33.8,14.99
Prainha,BR,100,1571864442,60,-1.8,-53.48,85.78,1.9
Sar-e Pul,AF,0,1571864442,62,36.22,65.93,35.46,1.7
Yarmouth,CA,90,1571864443,100,43.84,-66.12,62.01,13.87
Kuala Terengganu,MY,75,1571864443,94,5.33,103.14,78.8,4.7
Iskateley,RU,10,1571864443,80,67.68,53.15,25.2,13.56
Coahuayana,MX,66,1571864444,61,18.62,-100.35,85.37,1.99
Khatanga,RU,100,1571864444,87,71.98,102.47,3.61,6.49
Georgetown,GY,75,1571864385,74,6.8,-58.16,86.0,9.17
Alta Floresta,BR,75,1571864444,88,-9.87,-56.08,78.8,3.36
Conakry,GN,40,1571864327,88,9.52,-13.7,80.6,4.9
Kupang,ID,82,1571864445,71,-10.16,123.6,76.82,5.48
Xuanhua,CN,100,1571864445,62,40.61,115.04,49.41,7.29
Panama City,US,1,1571864445,28,30.16,-85.65,73.4,9.17
Phitsanulok,TH,48,1571864446,90,16.82,100.26,74.41,2.06
Hithadhoo,MV,100,1571864446,82,-0.6,73.08,79.95,22.41
Voh,NC,100,1571864446,78,-20.95,164.69,70.38,13.51
Ä°skenderun,TR,75,1571864446,68,36.58,36.17,72.0,5.82
Sao Paulo de Olivenca,BR,97,1571864446,78,-3.38,-68.87,82.56,4.05
Mount Isa,AU,0,1571864447,33,-20.73,139.49,77.0,11.41
Dikson,RU,100,1571864447,92,73.51,80.55,18.09,14.25
Katobu,ID,86,1571864447,96,-4.94,122.53,70.34,1.34
Paujiles,HN,100,1571864447,84,15.1,-87.35,76.28,2.98
Yumen,CN,0,1571864448,32,40.29,97.04,26.85,10.0
Catuday,PH,88,1571864448,73,16.29,119.81,82.87,8.12
Huarmey,PE,76,1571864448,57,-10.07,-78.15,71.83,9.24
Kodiak,US,1,1571864448,37,39.95,-94.76,66.2,16.11
Pascagoula,US,1,1571864448,27,30.37,-88.56,75.2,3.36
Iqaluit,CA,90,1571864449,86,63.75,-68.52,33.8,26.4
Parkes,AU,0,1571864449,25,-33.14,148.18,75.99,1.01
Jiazi,CN,9,1571864182,88,19.61,110.49,73.4,4.47
Lebu,ET,28,1571864449,59,8.96,38.73,47.88,2.39
Tabou,CI,100,1571864449,95,4.42,-7.36,75.47,2.53
San Jeronimo,PE,7,1571864450,60,-13.65,-73.37,62.33,10.65
Richards Bay,ZA,100,1571864450,74,-28.77,32.06,70.48,25.81
Voloshka,RU,100,1571864450,86,61.33,40.09,39.99,5.32
Kaduqli,SD,55,1571864451,86,11.01,29.72,74.75,2.13
Hasaki,JP,75,1571864451,87,35.73,140.83,61.0,5.82
Souillac,FR,38,1571864451,93,45.6,-0.6,59.0,5.82
Swan Hill,AU,1,1571864451,34,-35.34,143.56,68.38,11.9
Faanui,PF,99,1571864452,68,-16.48,-151.75,79.88,6.91
Saraland,US,1,1571864452,27,30.82,-88.07,75.2,3.36
Lermontovka,RU,33,1571864452,63,47.15,134.34,35.08,3.31
Tasiilaq,GL,99,1571864452,79,65.61,-37.64,24.8,1.12
Yeppoon,AU,28,1571864034,72,-23.13,150.74,66.2,8.05
Cidreira,BR,0,1571864453,74,-30.17,-50.22,66.7,11.05
Esperance,AU,90,1571864053,100,-33.86,121.89,51.8,10.29
Sur,OM,0,1571864453,68,22.57,59.53,77.49,3.53
Bonthe,SL,100,1571864453,82,7.53,-12.5,79.92,7.02
Akureyri,IS,40,1571864453,85,65.68,-18.09,24.8,11.41
Los Llanos de Aridane,ES,90,1571863889,68,28.66,-17.92,68.0,10.29
Langham,CA,90,1571864454,59,52.36,-106.96,39.99,3.36
Muyezerskiy,RU,70,1571864454,95,63.93,31.65,34.09,7.81
Saint-Georges,CA,37,1571864055,94,46.12,-70.67,50.0,8.95
Ambanja,MG,0,1571864454,88,-13.68,48.45,77.86,4.27
Mahon,IE,20,1571864213,93,51.89,-8.4,52.0,6.93
Lehigh Acres,US,40,1571864455,59,26.63,-81.62,89.6,9.17
Dwarka,IN,0,1571864455,73,28.58,77.04,82.0,3.24
Tessalit,ML,0,1571864107,15,20.2,1.01,88.5,9.73
Zhangye,CN,0,1571864455,31,38.94,100.46,28.89,0.92
East London,ZA,97,1571863969,63,-33.02,27.91,63.37,10.56
Republic,US,1,1571864456,35,48.65,-118.74,61.0,12.75
Nuuk,GL,40,1571863974,70,64.17,-51.74,32.0,2.24
Gelibolu,TR,0,1571864456,77,40.41,26.67,60.8,11.41
Delbruck,DE,98,1571864456,82,51.77,8.57,57.2,10.29
Faya,SA,0,1571864457,87,18.39,42.45,64.4,3.36
Saint-Joseph,FR,100,1571864457,72,43.56,6.97,68.0,17.22
Mersing,MY,83,1571864457,70,2.43,103.84,82.49,2.8
Carnarvon,ZA,33,1571864457,33,-30.97,22.13,56.25,9.13
Bamenda,CM,100,1571864457,98,5.96,10.15,62.15,2.24
Lasa,CY,40,1571864458,73,34.92,32.53,69.8,8.05
Beringovskiy,RU,3,1571864397,83,63.05,179.32,22.35,21.65
Oksfjord,NO,75,1571864458,80,70.24,22.35,33.8,13.87
Barre,FR,71,1571864458,87,43.75,2.83,62.6,20.8
Pacific Grove,US,1,1571864111,46,36.62,-121.92,87.01,5.82
Katsuura,JP,75,1571864459,88,33.93,134.5,66.0,4.7
Khambhaliya,IN,98,1571864459,45,22.21,69.65,80.69,9.35
Surab,PK,0,1571864459,30,28.49,66.26,51.39,4.23
Balkhash,KZ,87,1571864459,31,46.84,74.98,34.93,3.62
Umea,SE,90,1571864459,93,63.83,20.26,41.0,2.24
Wajima,JP,100,1571864460,77,37.4,136.9,66.25,13.2
Touros,BR,52,1571864460,69,-5.2,-35.46,80.6,11.41
Cap Malheureux,MU,20,1571864460,88,-19.98,57.61,73.0,5.82
Xinzhi,TW,75,1571864460,78,22.54,120.62,77.0,2.24
Khilok,RU,7,1571864461,74,51.36,110.46,15.13,2.15
Cape Girardeau,US,1,1571864312,37,37.31,-89.52,71.6,12.75
Lagoa,PT,63,1571864461,63,37.14,-8.45,60.8,10.29
Anadyr,RU,40,1571864420,84,64.73,177.51,10.0,6.71
Westport,US,1,1571864288,25,41.14,-73.36,68.0,12.75
Namibe,AO,20,1571864461,77,-15.19,12.15,68.88,5.39
Teya,MX,90,1571864462,66,21.05,-89.07,86.0,11.41
Taksimo,RU,0,1571864462,78,56.36,114.84,6.24,2.73
Hofn,IS,0,1571864462,62,64.25,-15.21,30.61,35.05
Fukue,JP,75,1571864462,77,35.03,136.69,68.0,13.87
Along,IN,100,1571864463,88,28.17,94.8,60.28,3.56
Norman Wells,CA,75,1571864463,100,65.28,-126.83,23.0,6.93
Cruzeiro do Sul,BR,75,1571864463,70,-7.63,-72.67,87.8,12.75
Diffa,NE,75,1571864463,18,13.32,12.61,89.2,6.4
Ostrovnoy,RU,100,1571864438,89,68.05,39.51,23.65,7.07
Cherskiy,RU,100,1571863887,95,68.75,161.3,6.37,5.79
Nhulunbuy,AU,40,1571864464,88,-12.18,136.78,71.6,13.51
Avarua,CK,48,1571864435,83,-21.21,-159.78,77.0,8.05
San Cristobal,HN,100,1571863895,80,14.68,-86.92,74.79,8.32
Labuhan,ID,98,1571863884,73,-2.54,115.51,69.51,1.7
Les Cayes,HT,13,1571864464,67,18.19,-73.75,83.89,4.97
Luziania,BR,75,1571864464,94,-16.25,-47.95,71.6,4.7
Neryungri,RU,100,1571864465,95,56.66,124.71,15.03,1.72
Nantucket,US,1,1571864286,72,41.28,-70.1,66.2,12.75
La Palma,CO,62,1571864465,63,5.36,-74.39,80.08,2.68
Kodinsk,RU,96,1571864465,81,58.6,99.18,23.59,4.14
Tautira,PF,20,1571864466,66,-17.73,-149.15,84.2,14.99
Riyadh,SA,0,1571864413,24,24.63,46.72,80.6,3.36
Galesong,ID,20,1571864466,77,-5.32,119.37,69.8,1.12
Smithers,CA,90,1571864466,93,54.78,-127.17,37.4,9.17
Cheremushskiy,RU,51,1571864467,91,61.27,47.26,36.72,5.97
Eydhafushi,MV,100,1571864467,77,5.1,73.07,82.27,11.92
Zeya,RU,100,1571864467,97,53.74,127.27,29.88,2.82
Rocha,UY,0,1571864468,76,-34.48,-54.34,60.12,6.58
Sabang,PH,0,1571864468,89,13.8,121.11,77.0,3.65
Kungurtug,RU,0,1571864468,73,50.6,97.53,8.65,4.52
Atambua,ID,76,1571863897,64,-9.11,124.89,68.13,4.07
Xuddur,SO,100,1571864469,80,4.12,43.89,75.54,16.26
Tual,ID,100,1571864469,80,-5.67,132.75,80.01,5.55
Praia da Vitoria,PT,75,1571864469,94,38.73,-27.07,68.0,23.71
Vila,IT,75,1571864470,100,45.18,8.4,66.0,2.24
Sao Filipe,CV,0,1571864039,78,14.9,-24.5,73.99,15.79
Petropavlovsk-Kamchatskiy,RU,75,1571864470,92,53.05,158.65,28.4,4.47
Porto Novo,BR,90,1571864040,73,-23.68,-45.44,69.8,16.11
Karlshamn,SE,26,1571864470,100,56.17,14.86,50.0,5.82
Upernavik,GL,100,1571864471,54,72.79,-56.15,23.36,7.36
Oromocto,CA,90,1571864471,100,45.85,-66.47,55.0,9.17
Wageningen,NL,90,1571863835,93,51.98,5.66,57.2,4.7
Lillooet,CA,1,1571864471,62,50.69,-121.94,51.8,6.93
Kharovsk,RU,96,1571864471,92,59.95,40.21,39.81,5.88
Bilma,NE,0,1571864472,13,18.69,12.92,78.96,12.8
Ahuimanu,US,75,1571863967,69,21.44,-157.84,87.8,8.05
Aklavik,CA,90,1571864472,92,68.22,-135.01,21.2,3.36
Tromso,NO,40,1571864472,97,69.65,18.96,35.01,2.24
Makakilo City,US,75,1571864398,69,21.35,-158.09,87.8,8.05
Nedumangad,IN,75,1571864473,94,8.61,77.0,77.0,6.93
Tomakomai,JP,40,1571864473,100,42.65,141.6,46.99,8.05
Honningsvag,NO,75,1571864473,76,70.98,25.97,32.0,3.36
Beyneu,KZ,0,1571863893,52,45.32,55.19,50.27,5.55
Andros Town,BS,40,1571864474,62,24.73,-77.79,86.0,9.17
General Pico,AR,0,1571864474,18,-35.66,-63.75,75.29,8.3
Sainte-Maxime,FR,100,1571864475,93,43.31,6.64,68.0,9.17
Sao Felix do Xingu,BR,100,1571864475,55,-6.64,-51.99,84.02,2.33
Vilhena,BR,75,1571864476,66,-12.74,-60.15,84.2,8.05
Red Bluff,US,1,1571864476,9,40.18,-122.24,84.2,18.34
Ilulissat,GL,40,1571864476,38,69.22,-51.1,24.8,2.24
Granadilla de Abona,ES,20,1571864476,60,28.12,-16.58,69.8,13.87
Port Lincoln,AU,0,1571863968,22,-34.72,135.86,70.36,12.68
Port Hardy,CA,90,1571864477,81,50.7,-127.42,50.0,12.75
Bandarbeyla,SO,100,1571864477,76,9.49,50.81,80.11,6.85
Saldanha,PT,100,1571863888,88,41.42,-6.55,48.18,6.26
Beberibe,BR,20,1571864477,69,-4.18,-38.13,82.4,11.41
Maniitsoq,GL,100,1571864477,61,65.42,-52.9,33.73,11.32
Barahona,DO,40,1571864403,74,18.21,-71.1,86.0,13.87
Evensk,RU,0,1571864478,45,61.92,159.24,11.66,10.54
Bonavista,CA,0,1571864478,84,48.65,-53.11,46.0,4.0
Srednekolymsk,RU,99,1571864479,95,67.46,153.71,3.76,7.25
Saint George,GR,0,1571864479,54,39.45,22.34,59.0,4.7
Poso,ID,100,1571864479,69,-1.4,120.75,66.18,3.04
Kahului,US,40,1571864479,54,20.89,-156.47,84.2,11.41
Merke,KZ,0,1571864480,47,42.87,73.19,44.87,2.26
Tarakan,ID,100,1571864286,87,3.3,117.63,76.78,4.99
Panuco,MX,75,1571864480,63,22.88,-102.54,66.2,6.98
Ulaanbaatar,MN,0,1571864480,84,47.92,106.92,-0.41,2.24
Chapais,CA,75,1571864043,81,49.78,-74.86,46.4,12.75
Mirpur Sakro,PK,0,1571864481,78,24.55,67.63,77.0,4.97
Imbituba,BR,40,1571864465,69,-28.24,-48.67,73.4,11.41
Hami,CN,0,1571864481,32,42.84,93.51,32.14,1.19
Portland,US,40,1571864091,45,43.66,-70.25,64.4,13.87
Madras,US,1,1571864481,38,44.63,-121.13,60.01,5.82
Vao,EE,100,1571864416,95,59.1,26.19,47.8,7.49
Clyde River,CA,90,1571864482,92,70.47,-68.59,28.4,11.41
Kosh-Agach,RU,100,1571864482,60,49.99,88.66,12.42,1.16
Ismailia,EG,0,1571864482,47,30.6,32.27,69.15,4.29
San Ramon,NI,40,1571864482,69,12.92,-85.84,78.8,3.74
Muriti,TZ,75,1571864483,83,-1.99,32.93,71.6,5.82
Kenora,CA,90,1571864483,86,49.76,-94.48,37.4,10.29
Denizli,TR,0,1571864483,55,37.77,29.09,60.8,8.05
Mahajanga,MG,20,1571864483,78,-15.72,46.32,78.8,2.24
Coihaique,CL,49,1571864484,47,-45.58,-72.07,68.0,8.05
General Roca,AR,0,1571864450,20,-39.03,-67.58,77.0,6.93
Veraval,FR,48,1571864484,100,49.65,0.71,55.4,6.93
Shache,CN,13,1571864484,40,38.42,77.24,44.98,10.63
Jalu,LY,0,1571864484,49,29.03,21.55,68.36,9.93
Christchurch,NZ,44,1571864485,66,-43.53,172.64,59.0,20.8
Thomasville,US,1,1571864485,30,35.88,-80.08,69.01,5.82
Sorland,NO,20,1571864421,57,67.67,12.69,32.0,2.24
Nioro,GM,100,1571864485,49,13.79,-15.05,88.18,7.61
Mama,MX,90,1571864485,66,20.48,-89.36,86.0,11.41
Marsaxlokk,MT,20,1571864486,73,35.84,14.54,70.0,10.29
Wilmington,US,1,1571864335,39,39.75,-75.55,66.2,9.17
Ilo,PE,75,1571864487,72,-17.65,-71.34,68.0,10.29
Havre-Saint-Pierre,CA,90,1571864487,100,50.23,-63.6,42.8,16.11
Moranbah,AU,10,1571864487,73,-22.0,148.04,65.25,14.99
Aimores,BR,97,1571864487,80,-19.5,-41.06,73.24,8.77
Poum,MK,0,1571864039,41,41.28,20.71,52.29,3.89
Nishihara,JP,75,1571864115,88,35.74,139.53,68.0,11.41
Ashland,US,1,1571864188,38,38.48,-82.64,64.99,3.36
Ketchikan,US,90,1571863898,93,55.34,-131.65,48.2,28.86
Kaduy,RU,81,1571864488,100,59.2,37.15,35.6,5.12
Hauterive,CA,90,1571864488,93,49.18,-68.27,46.4,16.11
Lorengau,PG,18,1571864489,71,-2.02,147.27,84.43,8.9
Vila Franca do Campo,PT,40,1571863960,83,37.72,-25.43,70.0,13.87
Plastun,RU,10,1571864489,67,44.76,136.29,39.43,4.05
Kavali,IN,100,1571864489,86,14.91,79.99,76.33,3.13
Muli,CN,0,1571864489,88,28.08,109.56,53.89,2.26
Laguna,BZ,75,1571864490,74,16.17,-88.94,84.2,9.17
Caravelas,BR,100,1571864490,95,-17.73,-39.27,73.17,10.74
Khandyga,RU,85,1571864419,96,62.65,135.58,8.04,1.83
Abu Samrah,SY,46,1571863965,53,35.3,37.18,67.73,4.74
Otkaznoye,RU,0,1571864490,87,44.32,43.85,44.01,2.24
Morococha,PE,80,1571864491,62,-11.61,-76.13,47.77,6.35
Segou,SN,80,1571864491,77,12.41,-12.29,78.51,3.11
Luderitz,NA,0,1571863972,77,-26.65,15.16,59.0,8.05
Paita,PE,8,1571864491,100,-5.09,-81.11,62.6,11.41
Harper,US,1,1571864256,42,30.3,-99.24,82.4,10.29
Moree,AU,0,1571864492,52,-29.46,149.84,64.4,12.75
Payson,US,1,1571864225,27,40.04,-111.73,57.99,17.22
Sivas,TR,41,1571864492,81,39.75,37.01,44.6,5.82
Big Rapids,US,1,1571864258,51,43.7,-85.48,55.4,14.99
Sistranda,NO,75,1571864492,93,63.73,8.83,52.0,11.41
Basco,US,1,1571864492,39,40.33,-91.2,68.0,6.93
Nyurba,RU,69,1571864493,92,63.29,118.35,16.65,3.13
Madiun,ID,92,1571864493,79,-7.63,111.52,73.08,4.97
Muros,ES,20,1571864494,93,42.77,-9.06,55.99,3.36
Baculin,PH,24,1571864494,89,7.45,126.58,72.16,3.8
Xai-Xai,MZ,28,1571864494,58,-25.04,33.64,79.14,6.02
Palmer,AU,0,1571864494,20,-34.85,139.16,75.99,11.41
Kavieng,PG,11,1571864411,75,-2.57,150.8,84.56,18.14
Palma Gil,PH,75,1571864495,94,7.64,125.63,75.2,2.24
Half Moon Bay,US,5,1571864105,28,37.46,-122.43,87.01,6.93
Ahipara,NZ,11,1571864434,87,-35.17,173.16,62.01,20.83
Kiyasovo,RU,100,1571864496,93,56.35,53.12,46.0,1.01
Miles City,US,90,1571864496,93,46.41,-105.84,39.99,5.82
Anzio,IT,75,1571864496,45,41.45,12.63,69.01,4.7
Muana,BR,100,1571864496,69,-1.53,-49.22,83.03,5.93
Chapada dos Guimaraes,BR,20,1571864496,36,-15.46,-55.75,93.2,10.29
Jinchang,CN,0,1571864497,44,38.52,102.19,26.96,3.29
Atar,MR,9,1571864497,29,20.52,-13.05,84.74,12.59
Dauphin,CA,20,1571864497,52,51.15,-100.04,41.0,16.11
Bhigvan,IN,100,1571864497,94,18.32,74.77,70.75,11.68
Mayo,CA,90,1571864498,79,63.59,-135.9,28.4,12.75
Tezu,IN,100,1571864256,54,27.93,96.16,67.06,1.83
Magadan,RU,0,1571864498,60,59.56,150.8,25.38,9.53
Katherine,AU,1,1571864459,69,-14.47,132.26,73.4,3.36
Mountain Home,US,1,1571864437,26,43.13,-115.69,59.0,17.22
Sisimiut,GL,65,1571864499,52,66.94,-53.67,23.81,13.15
Progreso,UY,20,1571864499,55,-34.68,-56.22,64.4,13.87
Mareeba,AU,90,1571864107,83,-16.99,145.42,72.0,6.93
Mezen,RU,93,1571864500,82,65.85,44.24,30.24,6.82
Hobbs,US,1,1571864249,13,32.7,-103.14,80.6,6.93
Karratha,AU,0,1571864501,45,-20.74,116.85,80.31,10.47
Sumy,UA,99,1571864501,83,50.91,34.8,51.94,3.76
Yenagoa,NG,100,1571864258,96,4.92,6.26,74.35,2.84
Ballina,IE,75,1571864501,93,54.11,-9.15,53.01,8.05
Coos Bay,US,1,1571864341,77,43.37,-124.22,64.99,4.7
Fort Nelson,CA,75,1571864502,75,58.81,-122.69,32.0,3.36
Komsomolskiy,RU,100,1571864502,96,67.55,63.78,20.53,6.64
San Policarpo,PH,26,1571864502,88,12.18,125.51,76.41,5.59
Sultanpur,IN,0,1571864503,60,26.26,82.07,69.06,2.68
Doha,QA,0,1571864503,74,25.29,51.53,86.0,2.24
Longyearbyen,NO,40,1571864503,57,78.22,15.63,21.2,8.05
Zhanaozen,KZ,0,1571864503,40,43.35,52.85,50.76,5.03
Dali,CN,100,1571864504,74,34.79,109.94,58.05,9.75
Padang,ID,71,1571864504,89,-0.92,100.36,65.55,2.35
Grootfontein,NA,28,1571864504,12,-19.56,18.1,74.95,11.52
Korem,ET,77,1571864044,45,12.51,39.52,51.66,2.3
Sao Goncalo do Amarante,BR,20,1571864505,69,-3.61,-38.97,82.4,11.41
Torbay,CA,75,1571863973,87,47.66,-52.73,46.99,6.93
Flinders,AU,0,1571864505,93,-34.58,150.85,68.0,8.05
Fort-Shevchenko,KZ,0,1571864505,46,44.51,50.26,52.65,5.14
Mackay,CA,75,1571864506,56,53.65,-115.58,42.8,10.29
Kovdor,RU,97,1571864506,93,67.56,30.47,30.54,6.93
Kibala,TD,20,1571863966,83,9.11,18.35,75.2,0.92
Salinopolis,BR,6,1571864506,79,-0.61,-47.36,81.97,15.21
Fairlie,US,1,1571864507,28,33.31,-95.96,81.0,18.34
Coffs Harbour,AU,0,1571864507,77,-30.3,153.13,64.4,1.01
Puerto Leguizamo,CO,100,1571864507,90,-0.19,-74.78,83.21,1.23
Camargo,MX,0,1571864508,20,27.69,-105.17,83.12,5.95
Muriwai Beach,NZ,52,1571864508,71,-36.82,174.45,57.99,14.0
Busdi,PH,100,1571864508,89,8.28,125.25,71.31,2.19
Tagusao,PH,0,1571864509,89,9.19,117.81,75.45,1.07
Kamaishi,JP,100,1571864509,80,39.28,141.86,54.59,3.33
Huilong,CN,74,1571864509,82,31.15,106.5,61.93,4.56
Necochea,AR,100,1571864120,85,-38.55,-58.74,53.01,11.01
Nueve de Julio,AR,0,1571864230,20,-31.67,-68.39,78.39,3.62
Schneeberg,DE,90,1571864510,100,50.6,12.64,54.0,4.7
Pevek,RU,100,1571864110,91,69.7,170.27,19.58,14.88
Paamiut,GL,100,1571864510,56,61.99,-49.67,37.6,5.48
Nome,US,1,1571864116,41,30.04,-94.42,80.01,11.41
Port Blair,IN,100,1571864407,76,11.67,92.75,82.8,7.29
Buin,CL,75,1571864511,11,-33.73,-70.74,80.6,6.93
Eregli,TR,72,1571864511,57,37.51,34.05,55.06,0.11
Olden,NO,75,1571864511,58,61.84,6.81,55.4,10.29
Butajira,ET,2,1571864512,30,8.12,38.38,58.91,8.21
Minas,UY,20,1571864426,63,-34.38,-55.24,60.8,14.99
Koutsouras,GR,3,1571864513,70,35.03,25.95,70.0,14.0
Orbetello,IT,100,1571864513,77,42.44,11.21,66.99,4.7
Ajdabiya,LY,0,1571864513,70,30.75,20.22,70.03,11.7
Maldonado,UY,20,1571864246,63,-34.91,-54.96,60.8,14.99
Codrington,AU,0,1571864514,100,-28.95,153.24,63.0,8.05
Koygorodok,RU,66,1571864514,86,60.44,51.01,38.43,9.04
Goderich,CA,39,1571864514,64,43.74,-81.71,57.0,15.01
Honiara,SB,40,1571864515,94,-9.43,159.96,75.2,2.24
Quelimane,MZ,0,1571864516,78,-17.88,36.89,82.4,13.87
Ploemeur,FR,90,1571864516,93,47.73,-3.43,55.99,6.93
Lethem,GY,0,1571864516,48,3.38,-59.8,90.72,6.71
Rio Gallegos,AR,100,1571864517,67,-51.62,-69.22,60.8,20.8
Santa Maria,BR,75,1571864517,94,-16.02,-48.01,71.6,4.7
Angoche,MZ,58,1571864517,73,-16.23,39.91,79.63,7.54
Virginia Beach,US,1,1571864175,30,36.85,-75.98,71.6,1.74
Olonets,RU,84,1571864517,92,60.98,32.97,41.81,6.38
San Vicente,EC,75,1571864518,78,-0.59,-80.41,77.0,13.87
Constantine,DZ,75,1571864518,77,36.36,6.61,59.0,10.29
Kutum,SD,47,1571864518,53,14.2,24.66,78.51,3.11
Saint Pete Beach,US,1,1571864518,54,27.73,-82.74,86.0,8.05
Davidson,CA,91,1571864518,92,51.26,-105.98,37.99,4.0
Pitimbu,BR,20,1571864519,78,-7.47,-34.81,78.8,10.29
Fort Saint James,CA,100,1571864519,73,54.43,-124.25,38.89,4.92
Madang,CN,100,1571864519,94,35.32,102.79,28.02,1.43
Saint-Pierre,FR,94,1571864252,100,48.95,4.24,55.4,8.05
Lokosovo,RU,100,1571864519,84,61.13,74.84,28.72,11.03
Goulburn,AU,0,1571864520,59,-34.75,149.72,57.99,1.54
Straumen,NO,75,1571864520,93,63.87,11.3,48.99,5.82
Marawi,PH,100,1571864520,90,8.0,124.29,75.99,4.0
Ravar,IR,88,1571864520,30,31.27,56.81,63.36,3.69
Quatre Cocos,MU,20,1571864521,88,-20.21,57.76,73.0,5.82
Salinas,US,1,1571864521,46,36.67,-121.66,87.01,4.7
Itacoatiara,BR,20,1571864115,74,-3.14,-58.44,84.2,9.17
Marrakesh,MA,0,1571864521,42,31.63,-7.99,62.6,6.93
Talcahuano,CL,0,1571864522,63,-36.72,-73.12,62.6,10.29
Perth,AU,40,1571864480,87,-31.95,115.86,61.0,8.05
Hayrabolu,TR,0,1571864522,93,41.21,27.11,53.6,8.05
Piro,IN,100,1571864522,60,25.33,84.41,71.96,1.97
Nanakuli,US,75,1571864523,69,21.39,-158.15,87.8,8.05
Kulhudhuffushi,MV,100,1571864523,79,6.62,73.07,82.38,11.99
Gat,SN,24,1571864107,83,14.69,-16.54,77.0,13.87
Den Helder,NL,90,1571864458,100,52.96,4.76,55.99,4.7
Shatrovo,BG,0,1571864523,57,42.29,22.98,53.01,3.36
Belaya Gora,RU,75,1571864523,98,68.54,146.19,2.03,3.65
Beisfjord,NO,20,1571864524,79,68.38,17.6,32.0,8.05
Santa Luzia,BR,47,1571864524,54,-19.77,-43.85,80.6,16.11
Yulara,AU,0,1571864524,18,-25.24,130.99,62.6,3.36
Zaraza,VE,100,1571864525,84,9.35,-65.33,82.4,4.25
Broken Hill,AU,0,1571864525,20,-31.97,141.45,68.0,6.93
Kavaratti,IN,100,1571864035,77,10.57,72.64,82.53,25.72
Vanavara,RU,87,1571864525,94,60.35,102.28,21.51,5.21
Margate,AU,4,1571864526,87,-43.03,147.26,55.99,8.05
Wanning,AT,75,1571864526,100,48.64,13.53,55.0,3.36
Luganville,VU,75,1571864527,69,-15.51,167.18,80.6,12.75
Atraulia,IN,0,1571864527,64,26.33,82.95,69.51,3.04
Santa Isabel do Rio Negro,BR,99,1571864527,68,-0.41,-65.02,85.06,1.25
Ridgecrest,US,1,1571864527,10,35.62,-117.67,84.0,3.36
Inverness,GB,40,1571864528,71,57.48,-4.23,55.4,13.87
Barbacoas,CO,82,1571864528,85,1.67,-78.14,76.73,3.49
Mahibadhoo,MV,100,1571864528,76,3.78,72.97,82.29,10.49
Poykovskiy,RU,90,1571864529,100,61.23,73.33,30.2,13.42
Mazagao,BR,20,1571864529,59,-0.12,-51.29,89.6,13.87
Edd,ER,99,1571864529,22,13.93,41.69,88.34,8.77
Kasongo-Lunda,CD,3,1571864530,98,-6.48,16.82,68.99,2.75
Ust-Barguzin,RU,71,1571864530,86,53.41,109.03,21.6,5.75
Springbok,ZA,61,1571864530,60,-29.67,17.88,52.9,5.03
Loandjili,CG,40,1571864531,88,-4.77,11.87,80.6,6.93
Macae,BR,75,1571864531,73,-22.37,-41.79,75.2,3.36
Hirara,JP,43,1571864531,72,24.8,125.28,75.33,13.35
Buraydah,SA,40,1571864532,29,26.33,43.97,78.8,5.82
El Tigre,VE,71,1571864532,53,8.89,-64.25,86.77,7.09
Aromashevo,RU,100,1571864532,87,56.86,68.64,35.74,17.27
La Ronge,CA,75,1571864532,59,55.1,-105.3,37.4,5.82
San Pedro,AR,0,1571864533,30,-33.68,-59.66,75.0,5.99
Nicolae Balcescu,RO,90,1571864533,100,46.47,26.92,52.0,4.7
Rawson,AR,0,1571864033,88,-43.3,-65.11,49.66,7.11
Fengrun,CN,29,1571864533,86,39.83,118.12,53.92,1.95
Were Ilu,ET,14,1571864533,42,10.6,39.43,45.54,5.64
Lardos,GR,20,1571864110,64,36.09,28.02,73.99,5.82
Pisco,PE,24,1571864427,30,-13.71,-76.2,71.6,11.41
Aldan,RU,100,1571864534,95,58.61,125.39,18.14,2.15
Pundaguitan,PH,78,1571864534,76,6.37,126.17,81.18,6.55
Amazar,RU,34,1571864534,93,53.86,120.88,17.8,2.04
Inirida,CO,100,1571864535,95,3.87,-67.92,77.2,2.37
Montrose,GB,90,1571864535,76,56.71,-2.47,51.8,13.87
Dunda,IN,0,1571864535,64,30.62,78.32,50.56,4.83
Najran,SA,10,1571864535,28,17.54,44.22,69.8,1.66
Yar-Sale,RU,100,1571863972,92,66.83,70.83,19.24,10.78
Hanstholm,DK,67,1571864536,70,57.12,8.61,50.0,1.01
Dicabisagan,PH,31,1571864536,86,17.08,122.42,76.55,4.92
Dakar,SN,91,1571864371,83,14.69,-17.45,80.6,13.87
La Rioja,AR,58,1571864537,41,-29.41,-66.86,67.48,6.62
Nicoya,CR,40,1571864537,79,10.15,-85.45,84.2,12.75
Nanortalik,GL,28,1571864112,85,60.14,-45.24,34.38,7.92
